ID,alcohol,amphet,benzos,cannabis,coke,crack,ecstasy,heroin,ketamine,legalhigh,LSD,meth,mushrooms,nicotine
209,2,1,0,2,2,0,1,0,1,1,1,0,1,2
1304,2,2,2,1,2,0,2,0,1,2,1,1,1,1
1626,2,0,0,0,0,0,0,0,0,0,0,0,0,2
59,2,1,0,2,2,1,1,1,1,1,1,0,1,2
1502,2,0,0,2,0,0,0,0,0,2,0,1,1,1
1666,2,0,0,0,0,0,0,0,0,0,0,0,0,0
367,2,0,1,1,0,0,0,0,0,0,0,0,0,1
1174,2,0,1,2,0,0,1,0,0,1,1,0,0,1
597,2,1,0,2,1,0,2,0,0,0,0,0,0,2
1059,2,2,2,2,0,0,0,0,0,2,0,0,1,0
1518,2,1,1,1,1,0,1,0,0,0,1,1,1,2
1485,1,1,1,1,1,0,0,1,0,1,1,0,1,1
747,2,0,0,0,0,0,0,0,0,0,0,0,0,0
1374,2,1,1,2,2,2,2,1,1,1,1,1,1,2
1777,2,0,2,2,2,0,1,0,0,1,1,2,1,1
119,2,0,2,1,0,0,0,0,0,0,1,1,0,2
1180,2,2,2,2,2,0,1,1,1,2,1,2,0,1
679,0,0,0,0,0,0,0,0,0,0,0,0,0,0
526,1,1,1,1,1,1,1,1,0,0,1,1,0,1
517,2,1,2,2,0,0,1,0,0,2,0,2,1,2
82,2,1,1,1,1,0,0,1,0,0,1,1,1,1
1090,2,0,0,1,0,0,0,0,0,0,0,0,0,1
900,2,0,0,2,0,0,0,0,0,1,0,0,0,2
384,2,0,0,1,0,0,0,0,0,0,0,0,0,1
1599,2,0,0,0,0,0,0,0,0,0,0,0,0,1
85,2,0,0,1,0,0,0,0,0,0,0,0,0,0
1589,2,0,0,0,0,0,0,0,0,0,0,0,0,1
333,0,0,0,0,0,0,0,0,0,0,0,0,0,2
986,2,1,0,2,1,0,2,0,0,1,0,0,2,2
1400,2,0,0,1,0,0,0,0,0,0,0,0,0,1
1047,2,0,2,1,2,0,1,1,1,2,1,2,0,0
976,2,0,0,2,0,0,1,0,0,1,1,0,0,2
1866,2,1,2,2,1,1,1,1,1,0,1,2,1,2
455,2,2,2,2,1,1,1,2,1,2,2,2,1,2
494,2,1,0,2,1,0,2,0,1,1,0,0,1,2
1399,1,1,1,1,1,1,1,0,0,1,1,0,1,1
288,1,0,1,1,0,0,0,0,0,0,0,0,0,0
809,2,0,2,1,1,0,0,0,0,0,0,2,0,2
1874,2,1,0,2,0,0,1,0,0,0,1,0,1,2
1317,2,1,0,2,1,0,1,0,0,1,1,0,1,2
1366,2,2,1,2,0,0,0,0,0,0,1,0,1,1
882,2,2,2,2,2,0,2,2,2,2,2,2,2,2
1684,2,1,0,1,1,0,1,0,1,1,1,0,1,2
781,2,1,0,1,1,0,1,1,0,1,1,1,1,1
817,2,1,2,2,1,2,1,1,1,1,1,1,1,2
1020,0,2,1,2,1,0,2,0,2,2,2,0,1,0
1564,2,1,1,1,1,0,1,0,1,0,1,0,1,1
331,1,0,0,0,0,0,0,0,0,0,0,0,0,0
1456,2,2,1,2,2,0,2,0,2,2,2,1,2,2
717,1,0,1,2,0,0,0,0,0,0,0,0,0,2
1009,2,2,1,1,1,0,1,0,0,1,1,0,1,2
1028,1,0,1,1,0,0,1,1,0,0,1,1,1,0
1414,2,0,0,1,0,0,0,0,0,1,0,0,1,1
178,2,0,0,0,0,0,0,0,0,0,0,0,0,0
913,2,2,2,2,2,0,1,2,0,0,0,2,1,2
699,2,2,1,2,1,0,1,1,0,0,1,0,1,2
87,2,0,0,1,0,0,0,0,0,0,0,0,0,2
1327,2,0,0,2,1,0,1,0,0,2,0,0,1,2
1792,2,1,1,1,1,0,1,1,1,0,1,2,1,1
461,2,1,2,2,1,0,1,1,2,1,1,1,1,2
55,2,0,0,1,2,0,1,0,0,1,1,0,1,1
1420,2,1,1,2,2,0,1,0,1,1,2,1,2,2
222,1,0,0,0,0,0,0,0,0,0,0,0,0,1
114,2,0,1,1,0,0,0,0,0,0,0,0,0,2
867,2,0,0,2,0,0,2,0,0,0,0,0,0,0
1212,2,0,0,2,0,0,0,0,0,2,0,0,2,1
983,2,2,2,2,2,0,2,0,0,2,0,2,0,2
175,2,0,1,0,0,0,0,0,0,0,0,0,0,2
852,2,0,0,2,0,0,0,0,0,0,0,0,2,2
593,2,0,0,2,1,1,1,0,0,1,0,0,0,2
1476,2,2,2,1,2,1,2,2,1,1,1,2,1,2
19,2,1,1,1,1,0,1,0,0,1,1,0,1,0
427,2,1,0,2,1,0,1,0,0,1,1,0,1,2
1263,2,1,0,1,1,0,1,0,0,0,0,0,0,2
286,2,0,0,0,0,0,0,0,0,0,0,0,0,2
1728,2,0,0,0,0,0,0,0,0,0,0,0,0,2
432,2,1,0,1,1,0,1,0,1,0,0,0,1,2
1800,2,0,0,0,0,0,0,0,0,0,0,0,0,1
1725,2,0,0,1,0,0,0,0,0,0,0,0,0,1
32,1,0,1,0,0,0,0,0,0,0,0,0,0,1
831,2,1,0,2,0,0,1,0,0,0,2,0,0,2
1592,2,0,0,0,0,0,0,0,0,0,0,0,0,0
215,2,0,0,1,0,0,0,0,0,0,0,0,0,1
1266,2,0,0,0,0,0,0,0,0,0,0,0,0,0
330,2,0,1,1,0,0,0,0,0,0,0,0,0,1
564,2,0,1,1,0,0,0,0,0,0,1,0,1,2
1050,2,0,0,2,0,0,0,0,0,0,0,0,0,2
1509,2,0,1,1,0,0,1,0,0,0,0,0,0,2
1124,1,1,1,1,1,1,1,0,1,1,1,2,1,2
345,2,1,2,2,2,1,1,1,0,1,1,1,1,2
633,2,0,0,0,0,0,0,0,0,0,0,0,0,0
148,2,0,0,0,0,0,0,0,0,0,0,0,0,0
364,1,1,1,1,1,1,1,1,0,0,1,1,1,2
84,1,0,2,1,0,0,0,0,0,0,0,0,0,2
49,2,1,0,2,1,0,0,0,0,0,0,0,1,2
472,2,0,0,0,0,0,0,0,0,0,0,0,0,0
156,2,0,0,0,0,0,0,0,0,0,0,0,0,0
1134,2,1,2,2,1,0,1,1,1,2,1,1,1,1
1367,2,0,0,2,0,0,0,0,0,0,0,0,0,2
1416,1,1,0,2,2,0,2,0,1,1,0,0,0,2
1544,2,1,0,2,1,0,1,0,1,2,0,0,1,1
504,2,0,0,2,0,0,0,0,0,0,2,0,1,2
180,2,1,0,1,1,0,1,0,0,0,1,0,1,2
1470,2,0,0,0,0,0,0,0,0,0,0,0,0,0
908,2,1,0,2,1,0,1,0,0,0,1,0,1,1
697,2,1,0,2,1,0,0,0,0,0,1,0,1,1
779,2,2,2,2,1,0,1,0,2,1,2,0,2,2
1535,2,2,1,2,1,0,2,0,1,1,1,2,0,2
532,2,0,0,1,0,0,0,0,0,0,0,0,0,0
350,2,0,2,0,0,0,0,0,0,0,0,0,0,0
1787,2,0,0,2,2,0,2,0,2,2,2,0,1,2
1849,1,2,1,2,1,1,2,2,0,1,0,0,1,2
720,2,1,0,1,1,0,1,0,1,0,1,0,1,1
1062,1,0,0,0,0,0,0,0,0,0,0,0,0,0
894,1,1,0,1,1,0,1,0,0,1,1,0,0,1
605,2,0,1,2,1,0,1,0,1,1,1,0,1,2
957,2,2,1,1,1,1,0,1,0,2,1,0,1,1
244,2,1,1,1,1,1,1,0,0,1,0,0,0,2
792,2,1,1,1,0,0,0,0,2,2,0,2,0,2
1616,2,0,0,0,0,0,0,0,0,0,0,0,0,0
1394,1,0,0,1,1,0,1,0,0,0,0,0,0,2
316,2,0,0,0,0,0,0,0,0,0,0,0,0,1
439,2,1,2,1,1,1,0,1,0,1,0,1,1,2
1791,1,1,1,2,1,0,1,1,0,1,1,1,1,2
826,2,2,2,2,0,0,1,0,0,0,0,2,0,2
311,1,0,0,0,0,0,0,0,0,0,0,0,1,2
434,2,1,0,1,0,0,0,0,0,0,0,0,0,1
664,2,1,1,1,0,0,0,0,0,0,1,0,0,2
374,2,1,0,1,1,0,1,0,1,1,1,0,1,2
570,1,0,0,1,0,0,0,0,0,0,0,0,1,1
1851,1,2,2,1,0,0,0,0,0,2,1,2,0,1
182,2,0,0,0,0,0,0,0,0,0,0,0,0,0
1093,2,0,0,0,0,0,0,0,0,0,0,0,0,0
625,2,0,0,1,0,0,0,0,0,1,0,0,1,1
727,2,0,0,2,0,0,0,0,0,0,0,0,0,2
1127,2,2,2,2,1,0,2,1,0,2,0,1,1,2
841,2,0,0,1,0,0,2,0,2,2,1,0,1,2
1737,2,0,0,0,0,0,0,0,0,0,0,0,0,0
298,0,0,0,0,0,0,0,0,0,0,0,0,0,0
1141,2,1,2,2,2,1,2,1,0,1,0,2,1,2
465,2,1,1,1,0,0,1,0,0,1,1,1,1,2
1227,2,2,2,2,2,0,1,0,0,1,0,0,1,2
1113,2,0,2,1,0,0,2,0,0,1,2,0,2,0
381,2,0,0,1,0,0,0,0,0,0,0,0,0,1
1169,2,1,0,2,0,0,0,0,0,2,0,1,1,1
106,1,0,0,0,0,0,0,0,0,0,0,0,0,0
127,2,1,0,1,0,0,0,0,0,0,0,0,1,0
1068,1,0,0,0,0,0,0,0,0,0,0,0,1,0
975,2,1,0,2,0,0,1,0,0,1,1,0,1,2
359,1,1,1,1,1,0,1,1,1,1,1,0,1,2
1864,2,2,2,2,1,0,1,1,0,0,1,2,1,1
687,2,0,0,1,0,0,0,0,0,0,0,0,0,0
1116,2,0,0,2,0,0,0,0,0,2,1,1,1,2
774,1,1,2,2,1,1,0,1,0,0,1,2,1,2
210,0,0,0,0,0,0,0,0,0,0,0,0,0,0
1882,2,0,0,2,0,0,0,0,0,1,0,0,1,1
141,2,0,1,0,0,0,0,0,0,0,0,0,0,0
1355,2,1,2,2,1,0,1,1,0,2,1,0,2,2
1635,2,0,0,0,0,0,0,0,0,0,0,0,0,0
1757,2,1,1,2,1,1,1,0,0,2,1,1,1,2
1491,2,1,1,1,1,0,1,0,0,1,0,0,1,1
1203,2,2,2,2,2,0,2,2,0,2,1,2,2,2
1597,2,0,1,0,0,0,0,0,0,0,0,0,0,1
716,2,1,2,2,1,1,1,1,0,1,1,1,1,2
1574,2,0,0,1,0,0,0,0,0,0,0,0,0,2
1881,2,1,2,2,1,0,1,2,0,1,0,2,0,2
761,2,1,1,1,1,0,1,1,1,2,0,1,1,2
11,2,0,0,1,1,0,0,0,0,0,0,0,0,1
1605,2,0,1,0,0,0,0,0,0,0,0,0,0,1
1687,2,0,0,0,0,0,0,0,0,0,0,0,0,0
283,2,0,0,1,1,0,0,0,0,0,0,0,0,0
292,2,1,0,2,0,0,0,0,0,0,0,0,0,2
630,2,0,0,1,1,0,0,0,0,0,0,0,0,2
1588,2,0,0,0,0,0,0,0,0,0,0,0,0,2
763,2,2,2,2,1,0,2,0,1,2,1,0,1,1
130,2,0,0,0,0,0,0,0,0,0,0,0,0,0
1112,2,1,2,1,1,0,1,1,1,0,1,1,1,1
327,2,1,0,2,0,0,1,0,0,0,0,0,0,2
1023,2,0,0,1,0,0,0,0,0,0,0,0,0,1
749,1,2,1,2,1,1,1,0,1,0,1,0,1,0
850,2,2,2,2,1,1,1,0,0,0,1,0,2,1
1760,2,0,0,2,0,0,0,0,0,0,0,0,0,1
1341,2,1,2,2,1,0,1,2,0,1,1,1,1,2
1339,2,1,1,2,1,1,1,1,1,2,1,1,1,2
700,2,1,0,2,1,0,1,0,0,1,1,0,1,2
994,2,1,1,2,1,0,1,0,1,1,1,0,1,2
945,1,1,2,1,1,1,1,1,0,0,1,1,1,2
159,1,0,0,0,0,0,0,0,0,0,0,0,0,0
873,2,2,2,2,2,0,2,0,0,2,0,2,0,2
638,2,0,0,1,0,0,0,0,0,0,0,0,0,0
520,1,1,2,2,1,0,1,1,0,0,1,1,0,2
1346,2,0,0,2,1,0,0,0,1,2,0,0,0,2
601,2,0,0,1,1,0,0,0,0,0,0,0,0,0
196,2,1,1,1,0,0,0,0,0,0,0,0,0,2
1557,2,0,1,1,0,0,0,0,0,0,0,0,0,2
772,0,0,0,0,0,0,0,0,0,0,0,0,0,2
414,2,0,0,1,1,0,1,0,0,0,0,0,0,1
97,2,1,0,1,1,0,0,0,0,0,1,0,1,1
1549,2,0,0,0,0,0,0,0,0,0,0,0,0,1
1016,1,2,2,2,1,1,2,1,0,2,1,2,1,2
157,2,1,1,1,1,0,0,0,0,0,0,0,0,2
423,2,1,0,1,0,0,0,0,0,0,0,0,0,2
1531,1,0,1,2,0,0,0,0,0,1,2,0,2,1
481,2,0,1,1,0,0,0,0,0,0,0,0,0,1
923,2,2,1,2,1,0,2,0,1,2,2,1,2,2
672,1,1,0,2,1,0,1,0,0,0,1,0,1,2
1196,2,1,2,0,0,0,0,0,0,0,0,0,0,1
973,2,2,0,2,1,0,2,0,1,2,2,0,2,2
1285,2,0,0,2,2,0,2,0,0,1,0,2,0,2
451,2,1,1,2,1,1,1,0,1,1,0,0,1,2
1610,2,0,0,0,0,0,0,0,0,0,0,0,0,0
179,2,1,0,1,0,0,0,0,0,0,0,0,1,2
394,2,0,0,0,0,0,0,0,0,0,0,0,0,0
582,2,1,1,1,1,0,1,0,0,0,1,0,1,1
1499,2,2,1,2,1,1,0,0,0,0,1,0,1,2
1617,2,0,0,0,0,0,0,0,0,1,0,0,1,1
1360,2,2,2,1,1,1,1,2,2,2,1,1,1,1
1558,2,0,0,1,0,0,0,0,0,0,0,0,0,0
1335,2,0,0,2,0,0,0,0,0,1,0,0,1,2
917,2,2,2,2,1,1,1,0,0,1,0,2,1,2
869,2,1,0,2,0,0,2,0,0,1,0,0,0,2
956,2,2,2,2,2,1,1,2,0,1,0,2,1,2
668,2,1,2,2,2,2,1,2,1,1,1,2,1,2
143,2,0,0,1,0,0,0,0,0,0,0,0,0,1
1435,1,0,0,0,0,0,0,0,0,0,0,0,0,0
1347,2,0,1,2,1,1,0,0,0,0,2,0,2,2
425,2,0,0,0,0,0,0,0,0,0,0,0,0,1
640,2,0,0,0,0,0,0,0,0,0,0,0,0,0
1855,1,1,0,1,1,1,1,0,0,2,1,1,0,2
1482,2,1,1,2,1,0,1,1,0,0,1,0,1,0
619,1,1,1,2,0,0,0,1,0,2,1,0,1,2
296,2,0,0,0,0,0,0,0,0,0,0,0,0,0
1510,2,1,2,2,1,1,1,0,0,1,1,0,1,1
1795,0,0,0,2,0,0,0,0,0,0,2,0,0,2
89,1,0,1,1,0,0,0,0,0,0,0,0,1,1
42,2,0,0,0,0,0,0,0,0,0,0,0,0,1
1868,2,1,1,2,1,1,2,1,1,2,2,0,2,2
1824,2,1,1,1,0,0,1,0,0,1,1,1,1,1
132,2,0,1,0,0,0,0,0,0,0,0,0,0,2
1514,1,0,1,2,1,1,1,0,0,1,1,1,1,2
1007,1,0,0,0,0,0,0,0,0,2,0,0,0,0
995,2,2,1,2,1,1,1,1,0,2,1,1,1,2
1750,2,2,2,1,1,0,1,0,0,0,1,2,1,2
1417,2,2,0,2,0,0,0,0,0,0,0,0,0,1
165,1,1,0,1,0,0,0,0,0,0,0,0,0,1
729,2,0,0,1,0,0,1,0,0,0,2,0,2,0
291,0,0,0,0,0,0,0,0,0,0,0,0,0,0
1714,2,1,0,2,1,0,1,0,0,0,0,0,1,2
1789,2,1,0,1,1,0,1,0,0,0,1,0,1,0
901,2,0,0,2,0,0,0,0,0,0,0,0,0,2
785,2,2,2,1,1,0,1,0,0,0,1,0,0,1
352,2,1,2,1,1,1,1,1,1,0,1,1,1,2
575,2,0,1,2,0,0,0,0,0,0,0,0,0,0
1437,2,0,0,1,0,0,0,0,0,0,0,0,0,2
1779,2,0,0,1,0,0,0,0,0,0,1,0,2,1
1410,2,1,0,2,1,0,1,0,0,0,0,0,1,0
1508,2,0,2,0,1,0,0,0,0,1,0,0,0,2
1239,2,1,1,2,1,1,1,0,0,2,1,0,1,2
906,2,0,0,1,0,0,0,0,0,2,0,1,0,1
462,2,0,0,1,0,0,1,0,0,1,0,0,1,0
379,2,0,0,1,0,0,0,0,0,0,0,0,0,0
337,2,0,0,1,0,0,0,0,0,0,0,0,0,1
1758,2,0,0,0,0,0,0,0,0,0,0,0,0,1
1663,2,1,1,2,2,1,2,0,1,1,0,0,1,2
1376,1,0,0,2,0,0,2,0,0,1,0,0,0,1
823,2,0,0,0,0,0,0,0,0,0,0,2,0,0
1274,2,0,1,0,0,0,0,0,0,0,0,1,0,0
889,2,1,2,2,2,0,2,0,2,2,2,0,2,0
1752,2,2,2,2,0,0,0,0,0,1,0,0,0,1
1088,2,1,1,1,1,0,1,0,1,0,1,0,1,1
1820,2,1,1,2,1,0,2,0,0,1,2,1,1,2
1063,2,0,1,2,0,0,0,0,0,0,2,0,2,0
332,2,1,1,1,2,1,1,0,1,0,1,0,1,2
934,1,1,2,1,1,1,1,2,0,2,1,2,1,2
322,2,0,0,0,0,0,0,0,0,0,0,0,0,0
1448,2,0,0,0,0,0,0,0,0,0,0,0,0,1
1835,2,0,0,2,1,1,1,0,0,1,1,1,1,1
1639,2,0,1,0,0,0,0,0,0,0,0,0,0,0
168,1,0,0,0,0,0,0,0,0,0,0,0,0,0
13,2,1,2,1,1,0,0,0,0,0,1,1,1,2
172,2,0,0,1,0,0,0,0,0,0,0,0,1,1
653,2,2,2,2,1,0,1,0,2,2,2,1,2,2
261,2,0,0,1,0,0,0,0,0,0,1,0,0,0
1645,1,0,0,1,0,0,0,0,0,0,0,0,0,1
1328,2,0,0,2,0,0,0,0,0,1,0,0,0,2
677,1,0,0,2,0,0,0,0,0,2,0,0,0,2
259,2,0,2,0,0,0,0,0,0,0,0,0,0,0
851,2,0,0,2,1,0,0,0,0,1,1,0,1,0
1680,1,0,0,0,0,0,0,0,0,0,0,0,0,0
139,2,0,2,1,0,0,0,0,0,0,0,1,0,2
1735,2,0,0,0,0,0,0,0,0,0,0,0,0,1
553,2,1,0,2,1,0,1,0,1,1,1,0,1,1
1747,0,0,0,0,0,0,0,0,0,0,0,0,0,0
1870,2,0,0,2,0,0,2,0,0,2,1,0,1,2
1245,2,1,0,1,0,0,1,0,0,0,0,0,1,2
1643,2,0,0,0,0,0,0,0,0,0,0,0,0,0
562,2,0,0,0,0,0,0,0,0,0,0,0,0,0
140,2,0,0,1,0,0,0,0,0,0,0,0,0,2
1641,2,0,1,0,0,0,0,0,0,0,0,0,0,0
535,2,0,0,0,0,0,0,0,0,0,0,0,0,0
225,2,0,0,0,0,0,0,0,0,0,0,0,0,0
728,2,0,0,0,0,0,0,0,0,0,0,0,0,1
793,2,2,1,2,1,1,1,1,2,2,2,1,1,1
1627,2,0,0,1,0,0,0,0,0,0,0,0,0,1
974,2,0,1,2,2,0,2,0,1,0,1,1,1,2
413,1,0,1,1,1,1,1,0,0,0,1,0,1,1
329,2,0,1,1,0,0,0,0,0,0,0,0,0,2
1037,2,0,1,2,1,0,2,1,1,1,2,1,2,2
302,1,0,0,0,0,0,0,0,0,0,0,0,0,2
1190,2,1,1,2,1,1,1,1,1,2,1,0,1,2
1077,1,0,0,2,0,0,0,0,0,2,0,0,2,0
1465,2,1,0,0,1,0,1,0,1,0,0,0,0,0
1754,2,1,1,1,1,0,1,0,0,0,0,1,0,1
719,2,1,0,2,0,0,0,0,0,0,0,0,0,2
1262,2,0,0,0,0,0,0,0,0,0,0,0,0,0
194,2,0,0,1,0,0,0,0,0,0,0,0,1,0
444,2,0,0,1,0,0,0,0,0,0,0,0,0,2
577,2,0,0,0,0,0,0,0,0,0,0,0,1,2
507,1,1,1,1,1,0,1,0,0,0,1,0,1,2
609,1,1,0,1,1,1,0,1,0,0,1,0,1,2
1372,2,0,0,1,0,0,0,0,0,0,0,0,0,1
1100,1,1,2,2,1,1,1,1,1,1,1,2,1,2
1689,2,0,0,2,0,0,0,0,0,1,2,0,1,0
853,0,1,0,2,0,0,1,0,0,1,1,1,2,0
4,2,0,1,1,1,0,0,0,1,0,0,0,0,1
1419,2,0,1,1,0,0,0,0,0,0,0,0,0,1
1538,2,0,0,2,1,0,1,0,0,2,2,0,1,2
471,1,1,2,1,1,1,1,1,0,0,1,2,0,2
325,2,0,0,1,0,0,0,0,0,0,0,0,0,0
6,1,0,0,0,0,0,0,0,0,0,0,0,0,2
223,2,1,0,1,1,0,1,0,0,0,0,0,1,1
551,2,0,0,1,0,0,0,0,0,0,0,0,0,1
229,2,1,1,1,1,0,1,0,1,0,0,0,1,1
40,2,0,0,1,0,0,0,0,0,1,0,2,0,1
546,2,0,0,2,0,0,0,0,0,0,0,0,0,2
243,2,0,0,0,0,0,0,0,0,0,0,0,0,2
1496,2,2,2,2,2,0,2,0,2,2,2,1,1,2
137,2,0,0,1,0,0,0,0,0,0,0,0,0,0
1126,2,1,2,2,1,1,1,0,2,2,1,0,1,2
1658,1,1,1,1,1,1,0,1,0,0,0,1,0,2
1489,2,2,2,2,2,0,2,1,2,2,2,1,2,2
914,2,0,1,2,0,0,0,0,0,2,0,0,0,2
836,2,0,0,0,0,0,0,0,0,0,0,0,0,1
449,2,0,1,1,0,0,1,0,0,1,2,0,1,2
849,1,2,2,1,2,1,1,2,2,0,1,1,2,2
1349,2,1,1,2,1,0,0,1,0,0,0,1,0,0
1337,2,0,0,1,0,0,0,0,0,0,0,0,0,1
1233,2,0,0,0,0,0,0,0,0,0,0,0,0,2
1724,2,0,0,0,0,0,0,0,0,0,0,0,0,1
585,2,0,1,2,0,0,1,0,0,0,0,0,0,1
1667,2,1,1,2,0,0,1,0,1,1,1,1,0,1
1858,2,1,0,1,1,1,2,0,0,0,2,0,1,2
665,2,0,0,1,0,0,0,0,0,1,0,0,1,2
440,2,0,0,2,0,0,0,0,0,0,0,0,0,1
1751,2,0,1,0,0,0,0,0,0,0,0,0,0,1
380,0,0,0,0,0,0,0,0,0,0,0,0,0,0
1395,1,0,0,0,0,0,0,0,0,0,0,0,0,1
1143,2,1,2,2,1,1,0,1,1,1,1,2,2,2
318,2,0,0,1,0,0,0,0,0,0,0,0,0,1
446,2,0,0,0,0,0,0,0,0,0,0,0,0,2
1506,2,1,0,2,1,0,0,0,0,0,1,0,1,1
323,2,0,0,1,0,0,0,0,0,1,0,0,0,1
282,2,0,1,0,0,0,0,0,0,0,0,0,0,0
1790,2,2,0,2,0,0,0,0,0,2,0,0,2,2
1633,2,0,0,2,0,0,0,0,0,0,1,0,1,1
1422,2,0,2,2,2,0,2,0,1,2,1,0,1,2
428,2,1,1,1,0,0,0,0,0,0,0,0,0,1
557,2,0,0,0,0,0,0,0,0,0,0,0,0,0
598,1,1,1,2,1,1,0,0,0,2,1,1,1,1
1852,2,1,0,1,1,1,1,0,0,0,2,0,1,2
372,2,1,0,2,0,0,1,0,0,1,1,0,1,2
1309,2,0,1,2,2,0,0,0,0,0,1,0,1,2
984,2,1,2,2,1,1,0,1,1,0,1,2,1,2
1237,2,0,1,1,0,0,0,0,0,0,0,0,0,0
1749,2,2,2,2,0,0,1,0,1,1,1,1,1,2
946,2,0,0,2,0,0,0,0,0,0,0,0,2,2
228,2,0,0,2,0,0,0,0,0,0,0,0,0,2
1528,2,1,2,2,0,0,0,0,0,1,2,1,1,2
1138,2,0,0,0,0,0,0,0,0,0,0,0,0,0
1251,2,0,0,0,0,0,0,0,0,0,0,0,0,0
1036,2,1,0,1,1,0,2,0,2,1,0,0,0,2
67,2,0,0,0,0,0,0,0,0,0,0,0,0,0
397,2,1,1,1,1,0,1,0,0,1,1,0,1,2
583,2,0,0,2,0,0,2,0,2,1,0,0,1,2
25,2,1,1,1,1,0,1,0,0,0,1,0,1,2
212,2,0,0,0,0,0,0,0,0,0,0,0,0,0
1629,1,0,0,0,0,0,0,0,0,0,0,0,0,0
145,2,0,0,1,0,0,0,0,0,0,1,0,1,1
540,2,0,0,0,0,0,0,0,0,0,0,0,0,1
818,1,0,0,2,0,0,1,1,1,2,1,0,2,0
1057,2,1,1,2,1,1,1,0,0,1,0,1,1,1
998,2,0,2,1,1,0,1,0,0,1,0,0,0,1
86,1,0,0,1,0,0,0,0,0,0,0,0,0,2
1704,2,1,1,1,1,0,1,1,0,1,2,0,1,2
273,2,0,0,0,0,0,0,0,0,0,0,0,0,1
961,2,2,1,2,1,1,1,1,0,0,1,1,1,1
1213,2,0,0,1,0,0,0,0,0,1,2,0,0,1
1118,2,0,1,2,0,0,1,0,0,2,2,0,2,2
997,2,1,2,2,2,0,1,0,1,1,1,0,1,2
1706,2,1,1,2,0,0,0,0,1,1,1,1,1,2
634,2,0,0,1,0,0,0,0,0,0,0,0,0,0
1292,2,1,0,2,2,1,2,0,1,1,1,0,1,2
1765,2,2,2,2,1,2,1,2,0,1,1,2,1,1
1289,2,0,0,2,0,0,2,0,0,1,2,0,1,2
1291,2,0,2,1,2,0,1,0,0,2,1,2,0,2
1739,2,0,1,0,0,0,0,0,0,0,0,0,0,0
509,1,1,0,2,1,0,1,0,1,0,0,0,1,2
274,2,1,2,1,1,0,1,0,1,1,1,0,1,2
511,2,0,0,0,0,0,0,0,0,0,0,0,0,1
1240,2,0,0,0,0,0,0,0,0,0,0,0,0,0
366,2,0,0,1,0,0,0,0,0,0,0,0,0,1
1527,2,1,1,2,1,0,0,0,0,2,0,1,2,1
1089,1,0,0,0,0,0,0,0,0,0,0,0,0,0
626,2,0,1,1,0,0,0,0,0,0,0,0,1,1
3,2,0,0,1,0,0,0,0,0,0,0,0,1,0
7,2,0,0,1,0,0,0,0,0,0,0,0,0,2
1480,2,1,1,1,0,0,0,0,0,0,0,1,0,2
315,2,0,0,0,0,0,0,0,0,0,0,0,0,2
1710,2,0,0,0,0,0,0,0,0,0,0,0,0,0
1094,2,1,2,1,1,0,1,0,0,1,1,1,1,1
669,2,0,0,1,0,0,0,0,0,1,0,0,1,0
368,0,0,0,0,0,0,0,0,0,0,0,0,0,0
1861,2,1,2,2,1,1,2,1,1,1,1,2,1,1
216,2,1,0,2,1,0,1,0,0,0,0,0,1,1
1297,2,0,0,2,0,0,0,0,0,0,0,0,0,2
992,2,2,1,2,1,0,2,0,0,2,0,2,2,2
28,2,1,1,2,1,0,0,0,0,1,1,0,1,1
1354,1,0,1,2,1,0,1,0,0,1,1,1,1,2
529,2,0,0,2,2,0,1,0,0,1,0,1,0,2
1732,2,1,1,1,0,0,0,0,1,1,1,0,1,2
1019,2,0,0,1,2,0,0,0,0,0,0,0,1,1
642,2,0,0,1,0,0,0,0,0,0,0,0,0,1
305,2,0,0,0,0,0,0,0,0,0,0,0,0,0
723,1,1,1,2,1,0,0,1,0,0,1,0,1,1
696,2,0,0,0,0,0,0,0,0,0,0,0,0,1
1483,2,0,1,0,0,0,0,0,0,0,0,0,0,0
1281,0,0,0,0,0,0,0,0,0,0,0,0,0,0
628,2,1,0,1,0,0,0,0,0,0,1,0,1,1
8,2,0,0,0,0,0,0,0,0,0,0,0,0,0
257,2,1,0,1,0,0,0,0,0,0,0,0,0,0
810,1,1,1,1,1,0,0,1,0,0,0,1,0,2
26,2,1,0,1,1,0,1,0,0,1,1,0,1,1
340,2,0,0,0,0,0,0,0,0,0,0,0,0,0
576,2,1,0,1,1,0,1,0,0,0,1,0,0,1
48,2,0,0,1,0,0,0,0,0,0,0,0,0,0
1398,2,1,1,2,1,0,1,0,0,0,0,0,0,2
107,2,0,0,0,0,0,0,0,0,0,0,0,0,0
353,2,1,2,2,1,1,1,1,0,1,1,1,1,1
56,1,0,0,0,0,0,0,0,0,0,0,0,0,0
239,2,0,0,0,0,0,0,0,0,0,0,0,0,0
214,2,0,1,0,0,0,0,0,0,0,0,0,0,0
121,2,1,0,1,0,0,0,0,0,0,1,0,1,1
1188,2,0,1,2,0,0,1,0,0,2,0,0,1,2
1250,2,0,1,1,0,0,0,0,0,0,1,0,1,2
800,2,1,1,2,1,1,2,1,1,1,1,1,1,2
73,2,1,0,1,0,0,0,0,0,0,0,0,0,1
930,2,1,1,2,0,0,1,0,0,1,0,0,1,2
819,2,1,2,2,1,1,1,1,1,1,1,1,1,1
1630,1,0,1,1,0,0,0,0,0,0,1,0,0,1
78,1,1,0,1,1,0,1,0,0,0,1,0,0,2
952,1,1,0,2,1,0,1,0,0,1,1,0,1,1
1060,2,0,0,2,0,0,1,0,0,2,2,1,0,1
46,2,0,0,0,0,0,0,0,0,0,0,0,0,0
1584,2,0,0,1,0,0,0,0,0,0,0,0,0,2
527,2,1,2,2,1,1,1,0,0,0,1,2,1,0
233,2,1,0,0,0,0,1,0,0,0,1,0,0,0
648,2,0,1,2,2,0,2,0,0,2,0,1,1,2
1803,2,1,1,2,0,0,1,0,0,0,1,0,1,2
537,2,2,2,1,2,0,1,1,1,0,1,1,1,2
1427,2,0,1,1,0,0,0,0,1,1,0,0,0,1
607,2,1,1,2,1,1,0,1,0,0,1,0,1,0
1142,2,1,1,2,0,0,1,0,0,0,0,0,0,2
1228,2,1,1,2,1,1,1,0,1,1,1,1,1,1
61,2,0,1,0,0,0,0,0,0,0,0,0,0,1
1778,1,2,2,1,1,1,1,1,1,2,1,1,1,2
93,2,0,0,1,0,0,0,0,0,0,0,0,0,1
670,2,0,2,2,2,0,1,0,0,1,0,0,0,1
281,2,0,0,0,0,0,0,0,0,0,0,0,0,1
1051,2,1,1,2,1,0,2,0,1,1,1,0,1,2
363,2,2,2,1,1,1,1,1,1,0,1,1,1,2
1534,2,0,0,1,0,0,0,0,0,1,0,0,0,1
1106,2,0,0,2,0,0,2,0,0,0,0,0,0,0
854,1,1,1,1,1,1,1,1,1,1,1,1,1,1
1296,2,1,1,2,0,1,0,0,0,1,0,2,2,1
111,2,0,0,0,0,0,0,0,0,0,0,0,0,0
43,2,0,2,1,2,0,2,0,1,1,0,0,0,1
126,2,0,0,0,0,0,0,0,0,0,0,0,0,1
205,2,1,1,1,1,0,1,0,1,0,1,0,1,2
53,2,0,0,0,0,0,0,0,0,0,0,0,0,1
549,2,0,0,0,0,0,0,0,0,0,0,0,0,0
69,2,1,0,1,1,0,1,0,1,1,1,0,1,1
1073,2,0,0,1,1,0,1,0,0,1,0,0,0,2
1464,2,0,0,2,0,0,0,0,0,0,2,0,2,0
184,2,1,0,0,2,0,1,0,1,1,0,0,0,2
138,2,0,0,0,0,0,0,0,0,0,0,0,0,2
907,1,1,2,2,2,0,2,2,0,1,2,2,1,1
803,2,2,1,2,0,0,1,0,0,2,0,0,0,2
133,2,0,0,0,0,0,0,0,0,0,0,0,0,2
81,2,0,1,1,1,0,0,0,0,0,0,0,0,0
1560,2,0,0,1,0,0,0,0,0,0,0,0,0,1
545,2,0,0,0,1,0,1,0,0,0,0,0,0,2
1880,2,0,0,2,2,0,1,0,1,2,1,0,2,1
993,1,1,1,2,1,0,1,1,0,0,1,0,1,2
166,2,0,0,1,0,0,0,0,0,0,0,0,1,0
249,2,0,0,0,0,0,0,0,0,0,0,0,0,0
450,2,1,0,1,1,0,2,0,2,1,1,1,1,0
1085,2,0,0,0,2,0,0,0,0,0,0,0,0,0
865,0,0,0,2,0,0,0,0,0,1,2,1,1,2
1144,2,1,2,2,0,0,0,0,0,2,0,0,0,2
98,2,1,1,1,1,0,0,0,0,0,0,0,0,1
1862,2,1,0,2,0,0,1,0,1,0,2,2,2,2
743,2,1,1,1,0,0,0,0,0,0,1,0,1,1
1184,2,1,1,2,1,0,1,0,2,2,2,1,2,2
103,2,1,2,1,2,1,1,1,1,1,1,0,1,1
438,2,1,1,2,1,2,1,1,0,0,1,1,0,1
75,1,0,0,0,0,0,0,0,0,0,0,0,0,1
1694,2,0,0,0,0,0,0,0,0,0,0,0,0,0
1135,1,1,1,2,0,0,1,0,0,1,1,0,1,2
926,1,0,1,1,1,1,1,1,1,2,0,2,1,2
1621,2,0,0,0,0,0,0,0,0,0,0,0,0,1
1583,2,0,1,0,0,0,0,0,0,0,0,0,0,1
1536,2,1,0,2,1,0,2,0,1,1,1,0,1,2
769,2,2,2,2,1,0,0,0,0,0,0,0,1,2
999,1,2,0,2,0,0,1,0,0,1,1,0,1,2
392,1,0,1,1,1,0,0,0,0,0,0,1,0,2
236,2,0,1,0,0,0,0,0,0,0,0,0,0,0
1646,2,1,1,1,0,0,0,0,0,0,0,0,0,1
268,2,0,0,0,0,0,0,0,0,0,0,0,0,0
1122,2,1,0,1,1,0,1,0,1,1,0,0,0,1
118,2,1,1,1,1,0,1,1,1,1,1,0,1,2
1522,2,2,2,2,1,0,2,0,1,2,2,1,2,2
678,2,1,0,1,1,0,0,0,0,0,0,0,0,1
250,2,0,0,0,0,0,0,0,0,0,0,0,0,2
1371,2,1,1,2,1,1,1,1,0,1,1,2,1,2
1883,2,1,1,2,0,0,2,1,0,2,2,2,0,2
95,2,0,1,1,0,0,0,0,0,0,0,0,0,1
34,2,0,0,0,0,0,0,0,0,0,0,0,0,0
1382,2,0,0,2,0,0,1,0,0,1,2,0,2,1
1581,2,0,0,0,0,0,0,0,0,0,0,0,0,1
452,2,0,0,1,0,0,0,0,0,0,0,0,0,1
721,2,2,2,2,1,0,1,1,1,1,1,0,1,2
1192,2,0,0,2,1,0,1,0,0,1,1,0,0,1
1436,2,1,0,1,1,0,0,0,0,0,1,0,0,2
1,2,1,1,0,0,0,0,0,0,0,0,0,0,1
1294,2,1,2,2,2,0,2,0,1,1,2,0,2,2
1111,2,2,2,2,2,0,2,0,2,1,1,0,0,2
83,2,0,0,0,0,0,0,0,0,0,0,0,0,0
1343,1,0,1,1,0,0,1,0,0,2,0,1,1,1
681,2,2,1,1,1,1,2,1,1,1,1,1,1,0
1370,2,0,2,2,2,1,2,1,2,1,2,2,2,2
1056,2,1,2,2,1,0,2,0,2,1,2,0,1,2
777,1,2,2,2,1,1,1,1,0,0,1,2,1,2
1148,2,2,1,1,1,0,2,0,0,0,1,0,1,0
1207,2,0,0,2,0,0,0,0,0,1,0,0,0,2
1875,2,1,1,2,1,1,1,2,1,2,1,1,0,2
1407,2,0,0,1,0,0,0,0,0,0,0,0,0,1
408,1,1,0,2,1,0,1,0,0,1,0,0,1,2
1634,2,0,0,0,0,0,0,0,0,0,0,0,0,0
1378,2,0,0,0,0,0,0,0,0,0,0,0,0,0
105,2,0,0,2,1,0,1,0,0,0,0,0,1,2
693,2,0,0,1,0,0,0,0,0,0,0,0,0,1
1652,2,1,1,1,1,1,0,0,0,0,1,0,1,2
833,2,0,0,1,0,0,0,0,0,1,0,0,0,2
63,2,0,0,0,0,0,0,0,0,0,0,0,0,2
859,2,2,1,2,2,0,1,1,1,0,1,2,1,2
1273,2,0,0,0,0,0,0,0,0,0,0,0,0,1
224,1,0,0,0,0,0,0,0,0,0,0,0,0,1
146,2,0,1,1,0,0,0,0,0,0,0,0,0,1
1098,2,0,0,1,0,0,0,0,0,0,0,0,0,1
377,2,0,1,0,0,0,0,0,0,0,0,0,0,0
1338,2,0,0,0,0,0,0,0,0,1,0,0,0,0
1726,1,0,0,0,0,0,0,0,0,0,0,0,0,0
1529,2,0,0,2,0,0,0,0,0,0,0,0,0,2
1797,1,2,1,2,1,1,1,0,0,0,1,0,1,2
1198,2,1,0,2,1,0,1,0,0,1,0,0,1,2
10,2,1,1,1,0,0,0,0,0,0,0,0,0,2
453,2,0,0,1,1,0,0,0,0,0,0,0,0,1
713,2,1,1,1,1,0,1,0,0,1,1,0,0,0
256,2,1,0,1,0,0,0,0,0,0,0,0,0,1
890,2,0,0,2,1,0,2,0,0,1,1,0,1,1
393,2,0,0,1,0,0,0,0,0,0,0,0,0,0
916,2,0,0,2,0,0,2,0,0,0,2,0,0,2
932,1,1,0,2,1,0,1,0,1,0,1,0,0,1
1691,1,0,0,1,0,0,0,0,0,1,0,0,0,2
1632,2,0,0,1,0,0,0,0,0,0,0,0,0,2
464,2,1,0,1,1,0,0,0,0,1,1,0,1,1
1244,2,0,0,1,0,0,0,0,0,0,0,0,1,0
967,2,1,2,2,2,0,2,0,1,1,1,0,1,2
505,1,0,2,2,1,1,0,0,0,2,1,2,1,1
745,1,0,0,2,0,0,0,0,0,1,0,2,0,0
1746,2,0,2,0,0,0,0,0,0,0,0,0,0,2
876,2,2,2,1,2,0,0,0,0,0,0,2,1,2
736,2,1,1,2,2,0,2,1,1,1,2,1,1,2
543,2,0,0,0,0,0,0,0,0,0,0,0,0,0
702,1,1,1,2,0,0,0,0,0,0,0,1,1,2
1310,2,1,1,1,0,0,0,0,0,0,0,0,0,1
1295,2,0,0,2,0,0,1,0,0,0,2,1,1,1
1155,2,1,1,2,0,0,0,0,0,1,1,1,0,2
1041,2,1,2,2,2,0,1,0,0,2,0,2,0,2
376,2,0,0,0,0,0,0,0,0,0,0,0,0,0
671,2,0,0,2,1,0,0,0,0,1,0,0,0,2
1444,2,1,1,1,1,0,1,0,0,0,0,0,0,1
361,2,1,1,1,1,1,1,1,1,0,1,1,0,1
977,1,0,0,1,0,0,1,0,0,1,1,0,0,1
790,1,0,0,2,0,0,0,0,0,1,0,0,0,0
740,2,1,0,2,1,0,2,0,0,1,2,0,2,2
1045,2,0,0,1,1,0,0,0,0,0,0,0,0,0
980,2,1,2,2,1,1,0,0,0,0,1,0,1,2
1443,1,0,0,0,0,0,0,0,0,0,0,0,0,0
1814,2,1,1,1,1,1,1,1,1,1,1,0,1,2
1442,2,0,0,0,0,0,0,0,0,0,0,0,0,0
1409,2,0,0,1,0,0,0,0,0,0,0,0,0,1
1604,2,0,1,0,0,0,0,0,0,0,0,0,0,0
1625,2,1,1,1,1,1,1,0,1,0,1,1,1,1
893,2,2,2,2,2,1,2,1,2,0,1,1,2,2
80,2,0,0,0,0,0,0,0,0,0,0,0,0,1
1183,2,1,1,2,2,0,0,0,0,0,1,1,1,1
821,1,0,0,2,0,0,1,0,0,0,2,0,2,2
1211,2,2,2,1,1,0,2,0,0,1,1,0,0,0
676,1,1,0,2,1,0,1,0,1,1,1,0,1,2
1450,0,0,0,0,0,0,0,0,0,0,0,0,0,0
58,1,0,0,0,0,0,0,0,0,0,0,0,0,0
134,2,0,1,1,0,0,0,0,0,0,0,0,0,2
1150,2,2,2,2,2,1,2,1,1,1,1,1,1,2
941,2,0,0,2,0,0,0,0,0,2,2,0,1,1
1595,2,0,0,0,0,0,0,0,0,0,0,0,0,0
830,2,1,0,1,0,0,2,0,0,0,2,0,0,0
508,2,1,1,1,1,0,0,0,0,1,0,0,1,1
1677,1,0,1,0,0,0,0,0,0,0,0,2,0,0
351,2,1,1,1,1,0,1,0,0,0,1,0,1,2
390,1,0,0,1,0,0,0,0,0,0,0,1,0,2
1034,2,1,0,2,1,0,0,0,0,1,1,0,1,1
902,2,2,2,2,2,2,2,2,2,2,1,2,1,2
835,2,2,2,1,1,0,0,0,0,0,1,0,1,1
1786,2,0,0,1,0,0,0,0,0,0,0,0,0,2
479,2,0,2,1,1,0,0,0,0,0,0,0,0,2
1390,2,1,1,2,2,0,1,0,1,2,1,1,1,2
1315,2,1,1,2,1,0,1,0,0,0,1,0,1,2
656,2,0,1,2,0,1,1,0,1,1,1,0,1,2
173,2,0,0,1,0,0,0,0,0,0,1,0,1,2
1159,2,2,0,2,1,0,2,0,1,2,0,0,0,2
39,2,1,0,1,0,0,0,0,0,0,0,0,1,1
718,2,1,2,2,1,0,0,0,1,1,1,0,1,2
91,2,0,0,1,0,0,0,0,0,0,0,0,0,2
1827,2,0,1,2,1,0,0,0,0,1,1,0,1,2
1216,2,0,0,1,0,0,0,0,0,0,0,0,0,1
883,2,2,1,2,1,2,1,1,0,0,1,2,1,1
1762,2,0,0,1,0,0,0,0,0,0,0,0,0,1
1103,2,2,0,2,0,0,0,0,0,0,0,0,0,2
1165,2,2,2,1,2,0,1,0,0,1,1,0,1,2
1282,2,0,0,2,0,0,1,0,0,1,0,0,2,1
1847,2,0,0,1,0,0,0,0,0,1,1,0,1,2
503,1,1,0,1,0,0,1,0,0,0,0,1,0,2
342,2,0,0,2,1,0,0,0,0,1,0,0,1,2
1199,0,2,0,0,0,0,0,0,0,0,0,2,0,0
29,2,0,0,1,0,0,0,0,0,0,0,0,0,0
1246,2,0,0,1,0,0,0,0,0,0,0,0,0,1
1720,2,0,0,1,0,0,0,0,0,0,0,0,0,0
953,2,2,1,2,1,0,2,0,1,1,2,1,1,2
170,2,0,0,0,0,0,0,0,0,0,0,0,0,2
1322,2,2,0,2,1,0,2,0,0,1,0,0,0,0
1208,2,0,0,0,0,0,0,0,0,0,0,0,0,0
920,1,0,0,2,0,0,0,0,0,2,0,0,0,1
495,2,0,2,2,0,0,0,0,0,1,0,0,0,2
962,2,1,0,2,1,0,2,0,2,1,1,0,0,2
1107,2,1,1,2,1,0,2,0,1,1,2,0,2,2
1042,2,1,1,1,1,0,1,0,0,0,1,0,1,2
591,1,1,1,2,1,0,1,1,0,0,1,1,0,2
756,2,2,1,1,1,0,1,1,2,2,2,1,2,2
661,2,0,0,0,0,0,0,0,0,0,0,0,0,0
235,2,0,0,1,0,0,0,0,0,0,0,0,0,1
737,2,1,0,1,2,0,2,0,2,0,1,0,0,2
1682,2,0,1,0,0,0,0,0,0,0,0,0,0,0
1166,2,0,2,2,0,0,0,0,0,2,0,2,1,1
1389,2,2,2,2,1,0,1,0,1,1,1,0,2,2
1542,2,2,0,2,2,0,0,0,0,2,1,0,2,2
942,2,1,0,2,1,0,1,0,0,1,2,1,1,2
1220,2,2,2,2,2,0,1,0,1,0,1,2,2,1
1075,2,0,0,0,0,0,0,0,0,0,0,0,0,0
109,2,0,1,1,2,0,0,0,0,0,0,0,0,1
1459,2,0,0,1,0,0,0,0,0,0,0,0,0,1
572,2,0,0,0,0,0,0,0,0,0,0,0,0,1
1178,2,1,2,1,1,0,1,0,0,2,0,2,0,0
1185,2,1,1,2,0,0,2,0,2,1,1,0,1,0
898,2,1,0,2,1,0,1,0,1,1,0,0,0,2
955,0,0,0,1,0,0,0,0,0,0,2,0,0,1
1058,2,2,1,2,1,0,0,0,0,2,1,1,1,1
1272,2,0,1,0,0,0,0,0,0,0,0,0,0,1
1479,2,1,1,2,1,0,2,1,0,1,1,1,1,2
1364,2,0,0,0,0,0,0,0,0,0,0,0,0,0
892,2,1,1,2,2,0,2,0,0,1,2,0,1,2
1585,2,0,0,1,0,0,0,0,0,0,0,0,0,2
857,2,2,1,2,2,2,1,2,1,0,1,2,1,2
739,2,0,1,2,0,0,2,0,1,2,2,1,2,1
722,2,1,0,2,1,0,0,0,0,0,1,0,1,1
458,2,0,0,1,0,0,0,0,0,0,0,0,0,0
265,2,0,0,1,0,0,0,0,0,0,0,0,0,0
76,2,0,0,1,0,0,0,0,0,0,0,0,0,0
1571,2,0,0,1,0,0,0,0,0,0,0,0,0,1
448,2,1,0,1,1,0,1,0,0,1,0,0,1,2
399,2,0,0,0,0,0,0,0,0,0,0,0,0,2
177,1,0,0,0,0,0,0,0,0,0,0,0,0,0
1052,2,1,1,2,2,0,2,0,0,0,0,1,0,1
1642,2,0,2,0,0,0,0,0,0,0,0,0,0,0
1319,2,1,0,1,2,0,2,0,0,1,2,0,2,2
1298,2,1,1,2,1,1,1,1,1,1,1,1,1,2
599,2,1,1,2,1,0,0,0,0,1,1,0,1,1
62,2,1,0,1,0,0,0,0,0,0,0,0,1,0
880,2,1,0,2,1,0,2,0,0,0,1,0,2,2
1408,2,0,0,2,0,0,2,0,0,1,0,0,1,2
1772,1,1,1,1,1,0,1,0,0,0,1,2,1,1
279,2,0,0,0,0,0,0,0,0,0,0,0,0,0
37,2,0,0,0,0,0,0,0,0,0,0,0,0,0
1434,2,0,0,0,0,0,0,0,0,0,0,0,0,0
666,2,1,0,1,1,1,1,0,1,0,0,0,0,1
1707,2,0,0,0,0,0,0,0,0,0,0,0,0,0
1608,2,0,0,1,0,0,0,0,0,0,0,0,0,1
987,2,2,2,2,1,0,1,2,0,1,2,2,1,0
1488,2,0,0,0,0,0,0,0,0,0,0,0,0,0
744,2,0,1,1,0,0,1,0,0,1,1,0,0,1
192,2,0,0,1,0,0,0,0,0,0,0,0,0,1
927,1,1,1,2,1,1,1,1,1,2,1,2,0,2
460,2,1,0,2,1,0,1,0,2,1,1,1,1,2
680,2,2,1,1,1,0,0,0,0,2,0,1,0,1
766,2,1,1,2,1,0,1,0,0,1,2,1,2,2
1708,2,0,0,1,0,0,0,0,0,0,0,0,0,2
733,2,0,0,2,1,0,1,0,0,1,0,0,0,2
416,2,0,0,1,0,0,0,0,0,0,0,0,1,1
1108,2,0,0,1,0,0,0,0,0,0,0,0,0,1
832,2,2,0,2,1,0,1,0,0,1,0,0,0,2
1674,1,1,0,2,0,0,2,0,0,2,1,0,1,2
620,2,0,0,1,0,0,0,0,0,0,0,0,0,1
115,2,1,1,2,1,0,1,1,1,0,1,0,1,2
421,2,0,0,0,0,0,0,0,0,0,0,0,0,0
1801,1,1,1,1,1,0,0,0,0,0,1,2,1,0
979,2,2,1,1,2,0,2,0,0,1,1,0,1,2
608,2,0,0,2,0,0,0,0,0,0,0,0,0,1
1808,2,1,1,2,2,1,2,1,2,2,1,1,1,2
90,2,1,1,0,0,0,0,0,0,0,1,0,1,0
855,2,2,2,2,1,0,1,1,1,1,1,2,1,1
1438,1,1,1,1,1,0,1,1,0,1,0,2,1,2
1807,2,2,1,2,1,0,0,0,0,0,1,0,0,0
759,1,1,2,2,1,1,1,0,0,2,0,1,1,2
502,1,0,1,2,2,0,2,0,0,1,0,0,0,2
1287,1,0,1,2,1,0,1,1,0,0,0,2,1,2
12,2,1,0,2,1,0,1,0,0,0,1,0,1,2
400,2,0,0,2,0,0,0,0,0,0,0,0,0,2
285,1,1,1,1,1,0,1,0,0,0,0,0,1,2
1076,2,0,0,1,0,0,0,0,0,0,0,0,0,1
1202,2,0,0,0,0,0,0,0,0,0,0,0,0,0
1649,2,0,0,0,0,0,0,0,0,0,0,0,0,0
695,2,1,0,2,1,0,1,0,1,1,1,0,1,1
1833,2,0,0,2,0,0,0,0,0,0,0,0,0,1
1769,2,1,0,2,1,0,1,0,0,1,1,0,1,2
694,2,1,0,1,1,0,1,0,0,0,0,0,0,1
858,1,1,0,2,1,0,1,0,1,1,1,0,1,2
160,2,0,0,0,0,0,0,0,0,0,0,0,0,0
903,2,0,1,2,0,0,2,0,0,2,0,0,0,2
1493,2,2,2,2,0,0,2,0,0,1,2,0,1,1
258,2,1,1,1,1,0,1,0,0,1,1,0,1,2
339,2,1,1,1,1,1,1,0,0,0,1,0,1,2
1773,2,1,1,2,0,0,1,0,2,1,2,1,1,1
1049,2,0,1,2,2,0,0,0,0,2,0,0,0,2
519,1,0,1,1,0,0,0,0,0,0,0,0,0,1
1025,2,2,0,2,0,0,0,0,0,2,0,2,0,2
775,2,1,1,2,0,0,2,1,1,1,2,1,1,2
1651,2,0,0,1,0,0,0,0,0,1,0,0,1,1
768,2,1,2,2,1,0,1,1,1,2,1,1,1,2
1257,2,0,0,0,0,0,0,0,0,0,0,0,0,0
1214,2,2,0,1,1,0,2,0,0,1,0,0,0,2
1812,2,2,0,2,0,0,1,0,0,2,1,0,0,1
1872,1,2,0,2,0,0,2,0,0,2,0,0,2,2
525,2,0,0,2,0,0,0,0,0,2,0,0,0,2
23,2,0,0,0,0,0,0,0,0,0,0,0,0,0
360,1,1,1,1,1,0,1,0,1,0,1,0,1,1
1288,2,1,1,1,1,1,1,1,0,1,1,2,1,1
1325,2,0,0,2,2,0,1,0,0,1,0,1,2,2
1753,2,0,0,0,0,0,0,0,0,0,0,0,0,1
344,1,0,1,0,0,0,0,0,0,0,0,0,0,2
435,2,0,0,0,0,0,0,0,0,0,0,0,0,0
477,1,1,0,2,1,0,0,0,0,0,1,0,0,1
218,1,1,1,1,1,1,1,1,1,0,1,1,0,2
919,2,1,1,1,1,1,1,2,1,1,0,1,0,1
1238,2,0,2,2,0,0,0,0,0,0,0,2,0,0
1553,2,0,0,1,0,0,0,0,0,0,0,0,1,1
1021,1,2,0,2,1,0,0,2,0,2,0,0,0,2
1838,1,2,2,2,1,0,1,0,0,1,1,2,1,2
94,1,0,0,0,0,0,0,0,0,0,0,0,0,0
1018,2,2,1,2,1,1,1,1,2,2,1,2,2,1
1080,2,0,0,0,0,0,0,0,0,0,0,0,0,0
1102,2,1,0,2,1,0,0,0,0,0,0,0,1,2
1503,2,0,0,0,0,0,0,0,0,1,1,0,2,0
1320,2,1,1,1,1,1,1,0,0,1,1,1,2,2
701,2,1,1,2,1,1,1,1,0,1,1,0,1,2
1695,2,1,1,1,1,0,0,0,0,0,0,0,0,2
1006,2,1,2,2,0,1,0,0,0,2,0,2,0,2
154,2,0,0,1,0,0,0,0,0,0,0,0,0,1
1109,2,1,1,2,1,0,2,1,1,0,1,1,1,2
1628,2,1,1,1,1,0,0,0,0,0,0,0,0,0
1886,2,2,2,2,2,0,2,0,1,0,1,0,1,2
796,1,1,0,2,2,0,2,0,0,1,2,0,2,1
584,2,0,0,0,0,0,0,0,0,0,0,0,0,0
708,2,1,0,2,1,0,2,0,1,1,0,0,0,2
1223,2,1,1,2,2,0,2,0,0,2,2,0,1,2
1306,2,0,1,2,0,0,1,0,0,0,2,0,0,1
1579,1,0,0,0,0,0,0,0,0,0,0,0,0,0
1271,1,1,1,1,1,0,1,0,0,0,1,0,1,1
491,1,0,0,2,0,0,0,0,0,2,0,0,0,0
563,2,1,1,1,1,0,1,0,1,0,0,0,0,1
1151,1,2,2,2,1,0,1,1,1,0,1,0,1,2
1129,2,1,2,2,1,1,1,1,0,2,2,1,1,2
808,2,0,0,2,0,0,0,0,0,1,1,0,2,1
516,2,0,0,0,0,0,0,0,0,0,0,0,0,2
637,2,1,1,1,1,0,1,0,1,0,1,0,1,1
1668,1,0,1,1,0,0,0,0,0,1,0,0,0,1
1690,2,1,1,1,1,1,1,1,1,1,1,0,1,1
1160,1,1,1,2,1,0,0,0,0,1,1,0,1,2
797,1,2,2,2,2,1,2,2,1,2,2,1,2,2
117,2,0,0,1,0,0,0,0,0,0,0,0,0,2
746,2,0,0,0,0,0,0,0,0,0,0,0,0,1
1850,1,1,1,2,1,0,0,0,0,1,1,0,0,2
1091,2,2,1,0,0,0,0,0,0,0,0,2,0,0
837,2,1,1,2,2,0,2,0,1,1,1,1,1,2
120,2,0,0,0,0,0,0,0,0,0,0,0,0,1
660,2,1,0,2,2,1,2,0,1,0,1,1,1,2
1798,2,0,0,1,0,0,0,0,0,1,0,0,0,2
639,2,0,0,0,0,0,0,0,0,0,0,0,0,0
373,2,0,1,1,1,0,1,0,0,0,0,0,1,2
269,2,0,0,1,0,0,0,0,0,0,0,0,0,1
659,2,0,0,1,0,0,0,0,0,0,0,0,0,2
943,2,1,1,2,2,1,2,0,2,2,2,0,2,2
829,2,1,2,1,0,0,0,0,0,0,0,0,0,2
874,2,0,1,2,1,0,0,0,0,0,1,0,1,1
47,1,0,0,1,0,0,0,0,0,0,1,0,0,1
1388,0,0,0,0,0,0,0,0,0,0,0,0,0,0
1618,2,0,2,0,0,0,0,0,0,0,0,0,0,0
1001,2,0,0,2,0,0,0,0,0,1,2,0,0,0
884,1,1,1,1,1,1,0,1,1,1,1,1,1,1
780,2,1,0,2,1,0,2,1,1,2,1,0,2,1
1230,1,0,0,2,0,0,0,0,0,1,0,0,0,1
1888,2,1,1,1,1,0,1,0,0,1,1,0,1,2
5,2,1,0,1,0,0,1,0,0,1,0,0,1,1
1013,2,2,2,2,1,1,0,1,0,2,1,2,1,2
1631,2,0,0,1,0,0,0,0,0,0,0,0,0,1
264,2,0,0,0,0,0,0,0,0,0,0,0,0,1
1486,2,0,0,0,0,0,0,0,0,0,0,0,0,0
1729,2,0,0,1,0,0,0,0,0,0,0,0,0,1
447,2,1,1,1,1,0,1,0,1,1,1,1,1,2
1012,2,0,1,2,1,0,2,0,0,1,0,0,0,2
1087,2,0,0,0,0,0,0,0,0,0,0,0,0,0
844,1,1,1,2,1,0,2,0,0,1,1,0,1,0
1693,2,0,1,1,0,0,0,0,0,0,0,0,0,1
307,2,0,0,1,0,0,0,0,0,0,0,0,0,1
1379,1,2,2,2,2,0,1,0,0,1,2,0,2,2
1887,2,0,0,2,0,0,1,0,0,1,1,0,1,2
317,2,1,0,1,1,0,1,0,0,0,1,0,0,2
150,2,0,0,1,0,0,0,0,0,0,0,0,0,1
1158,1,1,2,1,1,0,1,0,0,1,0,0,0,1
1224,2,1,2,2,1,1,1,0,1,1,1,2,1,2
578,2,0,0,0,0,0,0,0,0,0,0,0,0,0
51,2,1,1,1,1,0,1,0,0,1,1,0,1,2
1469,2,0,0,1,0,0,0,0,0,0,0,0,0,2
731,2,1,0,1,0,0,1,0,0,0,1,0,1,1
840,2,0,0,2,0,0,0,0,0,0,2,0,2,0
1392,2,2,1,2,1,1,1,1,0,1,1,1,1,2
1125,2,2,1,1,1,0,1,0,2,2,0,0,1,2
1177,1,1,0,2,0,0,2,0,0,2,2,1,1,0
474,2,1,1,1,1,1,1,1,0,1,1,1,0,2
981,2,1,1,2,1,1,1,0,1,1,1,1,1,1
657,2,0,0,2,1,1,0,0,0,1,1,0,2,2
403,2,1,0,2,1,0,1,0,1,1,1,0,1,2
515,1,1,1,2,2,1,1,1,0,0,1,1,1,2
324,2,1,0,1,1,0,1,1,0,0,1,0,1,1
20,2,1,0,1,0,0,1,0,0,0,0,2,0,1
689,1,1,1,2,1,0,1,0,0,0,0,0,0,1
36,1,0,0,0,0,0,0,0,0,0,0,0,0,2
910,2,2,2,2,1,0,1,0,0,1,1,1,2,2
834,2,1,2,2,1,0,2,0,1,2,2,0,1,1
1698,2,0,1,1,0,0,0,0,0,0,0,0,0,2
411,1,1,1,2,1,0,0,0,0,0,0,1,0,2
928,2,1,0,2,0,0,1,0,0,1,2,0,2,2
541,2,0,1,0,0,0,0,0,0,0,0,0,0,0
764,2,0,1,1,1,1,1,0,0,0,0,0,1,2
1072,2,0,0,1,0,0,0,0,0,1,0,0,0,0
1210,1,1,0,1,0,1,1,0,2,2,1,0,1,1
246,2,1,0,1,0,0,0,0,0,0,0,0,0,2
1431,2,0,0,0,0,0,0,0,0,0,0,0,0,2
1137,1,1,2,2,1,1,1,1,1,1,1,2,1,2
791,2,1,1,2,0,0,1,0,1,1,1,0,1,2
1647,2,0,0,1,0,0,0,0,0,0,0,0,0,1
493,2,1,1,2,1,1,1,1,0,0,1,1,1,2
155,2,0,2,0,0,0,0,0,0,0,0,0,0,0
971,2,1,1,1,1,0,0,1,0,1,1,1,1,2
860,2,2,2,2,2,2,2,2,2,0,1,2,1,2
1324,1,1,1,1,1,1,1,1,0,1,1,1,2,1
629,2,1,1,2,1,0,2,0,0,0,0,0,1,2
690,2,1,1,1,0,0,0,0,0,0,1,0,1,1
1478,2,1,0,2,0,0,0,0,0,1,2,0,1,1
573,2,0,0,0,0,0,0,0,0,0,0,0,0,0
1799,1,2,2,1,0,0,0,0,0,0,0,1,0,1
18,2,1,0,2,1,0,1,0,1,0,1,0,1,2
128,2,0,0,0,0,0,0,0,0,0,0,0,0,0
1359,2,1,0,2,0,0,2,0,0,1,2,0,2,2
1290,2,1,1,2,1,0,2,0,2,2,1,0,2,2
1857,1,1,1,2,1,1,1,1,1,1,2,1,1,2
935,2,0,0,1,0,0,0,0,0,0,0,0,0,0
990,2,2,2,2,1,2,1,1,1,1,1,2,1,2
1853,2,1,0,2,2,0,2,0,1,0,0,0,1,2
191,2,0,1,0,0,0,0,0,0,0,0,0,0,0
1149,1,1,2,1,1,1,1,0,1,2,1,1,1,2
1002,2,2,2,2,1,0,1,2,0,2,1,0,1,2
1844,2,1,1,1,1,1,1,1,1,1,1,1,1,2
1570,2,0,0,0,0,0,0,0,0,0,0,0,0,1
610,2,2,2,2,2,1,2,1,1,2,1,0,1,1
181,2,0,0,0,0,0,0,0,0,0,0,0,0,1
304,2,0,1,1,0,0,0,0,0,0,0,0,1,1
500,2,1,0,2,1,0,1,0,0,0,1,0,1,2
1637,2,0,0,0,0,0,0,0,0,0,0,0,0,2
1619,2,2,2,2,1,1,1,1,1,1,1,2,1,2
1575,1,0,1,0,0,0,0,0,0,0,0,0,0,0
1552,1,0,0,0,0,0,0,0,0,0,0,0,0,1
521,2,1,2,1,1,1,1,1,1,0,0,0,0,2
1873,1,1,1,2,1,0,1,0,0,1,1,2,1,2
1079,1,1,1,1,0,0,1,0,0,0,1,0,1,1
480,2,0,0,1,0,0,0,0,0,0,0,0,0,1
158,2,0,0,0,0,0,0,0,0,0,0,0,0,1
1254,2,0,0,1,0,0,0,0,0,0,0,0,0,1
1206,1,1,2,2,1,0,1,0,0,1,1,2,1,2
17,2,0,1,1,0,0,0,0,0,0,0,0,0,2
1082,2,0,0,0,0,0,0,0,0,0,0,0,0,0
1860,1,1,1,2,1,0,1,0,0,1,1,0,0,2
550,2,0,0,0,0,0,0,0,0,0,0,0,0,1
662,2,0,0,1,0,0,0,0,0,1,0,0,0,2
1540,2,1,2,2,1,1,1,1,1,2,1,1,2,2
1029,2,1,1,1,1,1,1,1,1,0,1,0,1,2
1576,1,0,0,0,0,0,0,0,0,0,0,0,0,0
969,2,0,1,2,1,0,1,0,0,1,1,0,2,2
1775,0,0,0,2,0,0,0,2,0,1,0,2,0,1
284,2,0,0,0,0,0,0,0,0,0,0,0,0,0
804,2,2,0,2,1,0,0,1,0,2,1,0,0,2
1541,2,0,0,2,0,0,0,0,1,1,2,0,1,2
226,2,1,0,0,1,0,1,0,0,0,0,0,0,2
27,2,0,1,1,0,0,0,0,0,0,0,0,0,2
1673,1,0,0,1,0,0,0,0,0,0,0,0,1,1
441,2,0,0,1,1,0,0,0,0,0,0,0,1,1
1837,1,2,1,2,1,0,1,0,0,0,0,0,1,2
1403,2,1,1,1,1,0,0,0,0,0,0,0,1,2
230,2,0,0,1,0,0,0,0,0,0,0,0,0,0
38,2,1,1,1,1,0,0,0,0,0,1,0,1,2
755,2,1,1,2,1,0,1,0,0,1,1,0,1,2
1055,2,0,1,2,1,0,1,0,0,1,1,0,1,1
1413,2,0,1,1,1,0,1,0,1,0,0,0,1,1
473,2,1,1,2,1,0,1,0,0,1,1,0,1,2
1603,2,0,0,0,0,0,0,0,0,0,0,0,0,0
1856,2,0,0,2,0,0,2,0,0,1,2,0,0,1
692,2,0,0,0,0,0,0,0,0,0,0,0,0,1
1740,2,0,0,1,0,0,0,0,0,0,0,0,0,1
643,2,1,0,1,0,0,1,0,0,2,0,0,1,1
1622,2,0,0,0,0,0,0,0,0,0,0,0,0,0
1229,1,1,1,1,1,1,1,1,0,1,1,0,1,2
1168,2,1,0,2,0,0,2,0,0,1,2,0,2,1
1430,1,0,0,2,0,0,0,0,0,1,0,0,0,2
1569,2,0,0,0,0,0,0,0,0,0,0,0,0,0
1312,2,0,0,1,0,0,0,0,0,0,0,0,0,2
1722,2,0,0,1,0,0,0,0,0,0,0,0,0,1
807,1,2,2,1,1,1,1,1,1,0,1,1,1,2
161,2,1,1,2,1,0,1,0,0,0,1,0,1,1
965,2,1,0,2,0,0,2,0,0,1,2,0,2,1
1197,2,1,2,1,0,0,2,0,0,2,1,0,2,2
828,1,2,2,2,2,1,2,2,1,2,2,2,2,0
1593,2,0,0,0,0,0,0,0,0,0,0,0,1,0
885,2,1,2,2,1,0,1,1,0,1,1,1,1,2
921,2,2,1,2,2,0,2,2,2,1,2,1,2,2
153,2,0,1,1,1,0,1,0,0,1,0,0,1,2
1734,2,0,0,0,0,0,0,0,0,0,0,0,0,0
1679,2,0,0,0,0,0,0,0,0,0,0,0,0,1
513,2,1,1,2,1,1,0,1,0,0,1,1,0,2
1145,1,1,1,1,1,0,1,0,0,0,1,0,1,2
1261,2,1,1,2,1,1,1,0,0,0,1,0,1,1
1577,2,0,0,1,0,0,0,0,0,0,0,0,0,1
104,2,0,0,0,0,0,0,0,0,0,0,0,0,0
1460,2,1,1,1,1,0,1,0,0,1,0,0,0,0
1458,2,1,1,1,0,0,0,0,0,1,0,0,0,2
590,1,1,1,2,1,0,1,0,0,0,1,0,0,0
1671,2,0,0,0,0,0,0,0,0,0,0,0,0,2
1153,1,1,1,2,1,1,0,1,0,1,0,0,0,2
54,2,1,0,1,1,0,1,0,0,0,1,0,1,1
152,2,0,0,1,0,0,1,0,0,0,0,0,0,1
407,2,1,1,2,0,0,1,0,0,2,0,0,1,2
1832,2,0,0,2,0,0,1,0,0,1,1,1,1,1
208,2,1,1,2,1,0,1,0,1,1,1,0,1,2
1788,2,0,0,1,0,0,1,0,0,1,1,0,1,0
1132,2,1,2,2,1,1,1,2,2,2,1,0,1,2
1654,2,0,0,1,0,0,0,0,0,0,0,0,0,1
9,2,0,0,0,0,0,0,0,0,0,0,0,0,2
1024,2,0,0,2,0,0,0,0,0,2,2,0,2,1
1697,1,0,2,2,0,0,0,0,0,0,0,2,0,0
1070,2,0,0,1,0,0,0,0,0,0,0,0,0,1
456,2,1,0,1,0,0,1,0,0,2,0,0,0,2
254,2,0,0,1,1,0,0,0,0,0,0,0,0,1
1340,2,1,1,2,1,2,1,2,1,1,2,1,1,2
904,2,1,1,2,1,1,1,2,1,0,1,1,1,2
1640,2,0,1,0,0,0,0,0,0,0,0,0,0,2
888,2,0,0,2,0,0,2,0,0,1,0,0,1,2
1781,2,1,1,1,2,0,2,2,0,0,0,2,0,2
627,2,1,0,1,1,0,1,0,0,0,1,0,1,1
349,1,1,1,1,1,0,1,1,0,0,1,1,1,0
1613,2,1,1,1,0,0,0,0,0,0,0,0,0,1
263,1,0,0,0,0,0,0,0,0,0,0,0,0,0
1334,2,1,1,2,1,0,2,1,1,1,2,1,2,2
1453,1,1,1,2,1,1,1,1,1,2,2,2,1,2
151,2,0,0,0,0,0,0,0,0,0,0,0,0,1
476,2,0,0,0,0,0,0,0,0,0,0,0,0,0
644,2,0,0,2,0,0,0,0,0,0,0,0,0,2
1871,2,0,1,2,1,1,1,1,0,1,1,0,1,2
1776,2,0,0,1,0,0,2,0,0,1,1,0,1,2
554,1,0,0,0,0,0,0,0,0,0,0,0,0,0
936,2,1,2,2,2,1,1,2,1,1,1,1,2,2
492,2,0,0,2,1,0,2,0,1,2,2,0,2,2
1712,2,0,0,1,0,0,0,0,0,0,0,0,1,2
1182,1,0,0,2,0,0,1,0,1,1,1,0,1,0
147,2,0,1,1,0,0,0,0,0,0,0,0,0,0
1713,2,1,1,1,1,1,1,1,1,1,1,1,1,2
1819,2,0,1,2,1,0,2,0,1,0,1,0,2,1
406,1,1,1,2,1,0,0,0,0,0,1,0,1,2
963,2,1,2,1,1,1,0,2,0,0,1,1,1,2
1771,2,1,2,2,1,0,1,0,1,1,1,2,1,2
663,2,0,0,1,0,0,0,0,0,0,0,0,0,1
1387,2,2,2,1,1,1,2,1,2,1,1,1,2,1
467,0,1,1,2,0,0,1,0,0,1,0,0,1,2
1362,1,0,2,2,0,0,0,0,2,0,2,0,2,1
187,2,0,0,1,0,0,0,0,0,0,0,0,0,1
1157,2,1,2,2,0,0,2,0,1,1,0,0,2,2
1235,2,1,1,2,1,0,1,0,0,0,1,1,1,1
612,2,1,0,2,1,0,1,0,0,1,1,0,0,2
144,1,0,0,0,0,0,0,0,0,0,0,0,0,0
757,2,0,0,1,0,0,0,0,0,1,0,0,0,0
1551,2,1,0,1,0,0,0,0,0,0,0,0,0,2
991,2,2,2,2,2,1,1,2,0,1,0,2,1,2
198,2,0,0,0,0,0,0,0,0,0,0,0,0,0
891,2,0,0,2,0,0,0,0,0,0,2,0,1,0
280,2,1,1,1,0,0,0,0,0,0,0,0,0,1
295,1,1,0,1,0,0,0,0,0,0,0,0,0,2
1846,2,1,2,2,1,1,0,0,0,0,1,0,1,1
404,2,0,0,2,0,0,0,0,0,0,0,0,0,0
123,2,0,0,1,0,0,0,0,0,0,0,0,0,1
1218,2,2,0,2,0,0,2,0,0,2,1,0,1,0
203,2,0,1,1,0,0,0,0,0,0,0,0,0,1
1477,2,1,0,2,2,1,2,0,0,1,2,0,1,2
842,2,2,2,2,1,1,1,1,1,1,1,2,1,2
247,2,0,1,1,0,0,0,0,0,0,0,0,0,2
1454,2,0,0,0,0,0,0,0,0,0,0,0,0,0
1794,2,2,1,2,0,0,2,0,0,1,2,1,1,2
1774,2,2,2,2,2,1,2,1,1,0,1,2,1,2
1163,2,1,1,2,2,0,1,1,0,1,1,1,1,1
1441,2,0,0,0,0,0,0,0,0,0,0,0,0,0
388,2,0,0,0,0,0,0,0,0,0,0,0,0,0
1661,1,2,1,1,2,1,1,1,1,1,1,2,1,2
861,2,2,2,2,1,0,2,0,0,2,0,1,1,2
1606,0,0,0,0,0,0,0,0,0,0,0,0,0,0
220,2,1,1,1,1,0,1,0,0,0,0,0,0,2
645,2,1,0,2,2,0,1,0,1,0,0,0,0,1
2,2,1,0,2,1,0,2,0,1,0,1,1,0,2
113,1,0,0,1,0,0,0,0,0,0,0,0,0,2
703,1,1,1,1,0,0,1,0,1,1,1,0,1,1
1805,2,0,0,2,0,0,0,0,0,1,1,0,0,0
959,2,0,0,2,0,0,0,0,0,0,0,0,0,2
1653,2,0,2,2,1,0,0,2,0,1,1,0,1,2
1425,2,0,0,2,0,0,0,0,0,1,0,0,0,2
1424,2,1,0,2,1,0,2,1,0,1,1,0,1,2
1550,2,0,0,0,0,0,0,0,0,0,0,0,0,1
1302,1,0,0,2,0,0,0,0,0,0,2,0,0,1
1709,2,0,0,1,0,0,0,0,0,0,0,0,0,1
445,2,0,0,0,0,0,0,0,0,0,0,0,0,0
1537,2,2,2,1,2,0,2,0,2,1,1,0,1,2
1146,2,2,0,2,1,0,2,0,0,1,0,0,0,2
1267,2,1,1,1,1,0,1,0,2,0,0,0,0,2
1759,1,2,1,1,2,0,2,1,0,0,2,0,0,1
1648,2,0,1,1,0,0,0,0,0,0,1,2,1,1
1412,2,1,1,2,0,0,0,0,1,1,1,0,1,2
667,1,0,0,2,0,0,2,0,0,0,0,0,0,2
1733,2,1,0,1,1,0,1,0,0,0,0,1,0,2
1268,2,0,0,0,0,0,0,0,0,0,0,0,0,0
1676,2,0,2,1,0,0,0,0,0,0,0,0,0,0
321,2,0,0,1,0,0,0,0,0,0,0,0,0,0
652,2,0,0,1,1,0,0,0,0,0,0,0,0,1
1449,2,0,0,0,0,0,0,0,0,0,0,0,0,0
1495,2,2,2,2,2,2,1,0,1,1,0,1,0,2
714,2,2,0,2,0,0,1,0,0,1,2,0,1,2
1397,2,0,0,0,0,0,0,0,0,0,0,0,0,0
1293,2,0,1,2,1,1,1,1,1,1,1,0,1,2
982,2,0,2,2,2,1,1,0,0,0,1,2,1,2
631,2,0,1,0,0,0,0,0,0,0,0,0,0,2
636,2,1,2,2,2,0,2,1,1,1,1,1,1,2
1318,2,0,0,1,0,0,0,0,0,0,0,0,0,2
1415,2,0,0,2,0,0,0,0,0,0,0,0,0,1
1423,1,1,1,2,1,0,1,0,0,1,2,0,0,2
1259,1,0,0,0,0,0,0,0,0,0,0,0,0,0
1841,1,1,1,1,1,1,1,1,0,0,1,1,1,1
1265,2,0,0,0,0,0,0,0,0,0,0,0,0,0
1512,2,2,1,2,2,0,1,0,0,2,1,0,1,2
1386,2,0,0,1,0,0,0,0,0,0,0,0,0,1
1546,1,0,0,2,0,0,0,0,0,0,0,0,0,0
1681,2,0,0,0,0,0,0,0,0,0,0,0,0,1
1368,1,0,0,2,0,0,1,0,1,2,1,2,1,1
1816,2,1,1,1,1,0,1,0,1,1,1,0,1,2
1793,2,1,0,2,0,1,0,0,1,1,1,2,2,2
1660,2,0,0,0,0,0,0,0,0,0,0,0,0,1
1745,1,0,0,0,0,0,0,0,0,0,0,0,0,1
802,1,2,1,2,1,0,1,0,1,1,1,1,1,1
649,2,1,1,2,1,2,1,1,0,1,1,0,1,2
1022,2,1,1,2,0,0,0,0,0,2,0,1,1,1
1736,2,0,0,1,0,0,0,0,0,1,1,0,0,0
560,2,1,0,1,1,0,0,0,0,0,0,0,0,1
686,2,2,2,2,1,0,1,0,1,1,2,0,2,2
581,2,0,0,1,0,0,0,0,0,0,0,0,0,1
1119,2,2,2,2,0,0,2,0,0,2,1,1,1,2
1277,2,1,0,2,0,0,1,0,0,2,2,1,0,2
1194,2,2,2,2,1,1,1,0,1,0,0,0,1,2
528,2,0,0,0,0,0,0,0,0,0,0,0,0,1
1069,2,0,0,2,0,0,2,0,0,0,0,0,0,2
544,2,1,2,2,1,0,1,1,1,2,1,0,1,2
1205,2,1,2,2,1,1,1,2,1,1,1,2,1,2
1696,2,0,0,1,0,0,0,0,0,0,0,0,0,1
754,2,1,0,1,1,0,1,0,0,1,0,0,1,1
1748,2,0,1,0,0,0,0,0,0,0,0,0,0,1
1445,2,0,0,1,0,0,0,0,0,0,0,0,0,1
488,2,2,1,2,0,0,0,0,0,1,0,0,0,2
96,2,1,1,1,1,0,0,0,0,0,1,0,1,1
1030,2,1,0,2,0,0,1,0,0,1,2,2,2,2
567,2,0,1,0,0,0,0,0,0,0,0,0,0,0
1275,2,1,0,1,1,0,1,0,0,1,0,0,1,1
748,2,0,1,2,1,0,1,0,1,1,0,0,0,2
871,1,1,1,1,1,0,1,1,1,1,1,1,1,2
1615,2,0,1,1,0,0,0,0,0,0,0,0,0,1
1500,2,0,1,1,0,0,0,0,0,0,1,0,1,2
899,2,2,2,2,1,1,2,0,1,2,2,0,1,2
1594,2,1,0,1,0,0,0,0,0,0,0,0,0,0
1048,2,1,2,1,1,0,1,0,1,1,1,1,0,1
207,2,0,0,0,0,0,0,0,0,0,0,0,0,0
396,2,1,0,1,1,1,1,0,1,0,1,1,1,2
801,2,1,1,2,1,0,2,0,0,2,1,1,1,1
878,1,2,1,2,1,1,0,2,0,2,1,2,1,1
401,1,1,0,1,1,0,1,0,1,0,0,0,1,2
773,2,2,1,2,1,0,1,1,2,2,1,1,2,1
1738,2,0,0,0,0,0,0,0,0,0,0,0,0,0
1252,2,1,1,1,0,0,0,0,0,0,0,0,0,1
1038,2,2,2,2,0,0,0,0,0,0,0,2,1,2
646,2,0,0,1,0,0,0,0,0,0,0,0,0,0
1785,2,0,0,2,2,0,1,0,0,2,0,0,0,2
616,1,1,1,1,1,1,1,1,0,0,1,1,1,2
970,2,0,0,2,1,0,0,0,0,1,0,0,1,2
1587,2,1,1,1,1,0,1,0,0,0,1,1,1,1
730,2,1,1,2,1,1,1,1,1,0,2,1,2,2
688,2,1,1,2,1,0,0,0,0,0,1,0,0,1
99,2,1,0,1,1,0,0,0,0,0,1,0,1,1
811,2,0,0,2,1,0,1,0,1,1,0,0,0,2
1614,2,1,0,1,1,0,2,0,0,1,1,0,1,0
410,1,1,1,2,1,0,1,0,1,1,1,2,1,2
506,1,0,0,2,0,0,0,0,0,0,0,0,1,2
1081,2,0,0,1,0,0,0,0,0,0,0,0,0,0
1066,2,0,0,2,0,0,0,0,0,1,2,0,0,2
937,2,0,0,2,1,0,2,0,0,1,2,1,2,2
786,2,1,1,2,0,0,1,0,0,1,1,0,1,1
201,2,0,0,0,0,0,0,0,0,0,0,0,0,0
135,2,1,0,1,1,0,0,0,0,0,0,0,0,1
1061,2,1,0,1,1,0,0,1,0,0,1,0,1,1
41,2,1,1,0,0,0,0,0,0,0,0,0,0,1
1027,2,0,0,2,0,0,0,0,0,1,0,0,0,1
231,2,0,1,1,0,0,0,0,0,0,0,0,0,1
1530,2,2,2,2,2,1,2,0,1,2,2,0,1,2
382,1,1,1,1,1,1,1,0,1,0,1,1,1,1
289,2,0,0,0,0,0,0,0,0,0,0,0,0,2
422,2,1,0,2,0,0,1,0,1,0,0,0,0,2
1716,1,0,1,1,0,0,0,0,0,0,0,0,0,0
395,2,0,0,0,1,0,0,0,0,0,0,0,0,0
596,2,1,1,1,1,1,0,0,0,0,1,0,1,1
1539,2,0,0,0,0,0,0,0,0,0,0,0,0,0
1172,1,0,2,2,0,0,0,0,0,0,1,2,1,2
1096,2,1,1,2,1,0,1,0,0,0,0,0,0,2
1511,0,0,0,0,0,0,0,0,0,1,0,0,1,0
651,2,1,2,2,2,1,2,0,1,2,1,1,1,2
1162,2,2,0,2,2,0,2,0,0,1,1,0,1,2
1381,2,0,0,0,0,0,0,0,0,0,0,0,0,2
524,2,0,0,2,0,0,1,0,0,0,1,0,1,2
65,2,1,1,2,2,0,0,0,0,0,1,0,1,1
15,2,0,0,0,0,0,0,0,0,0,0,0,0,2
1191,2,2,0,2,2,0,2,0,0,1,0,0,1,2
1074,1,0,0,0,0,0,0,0,0,0,0,0,0,0
496,2,0,0,1,0,0,2,0,1,1,2,0,2,2
383,2,1,0,2,1,0,1,0,0,0,1,0,1,2
188,2,0,0,1,0,0,0,0,0,0,0,0,0,1
770,2,1,1,1,0,0,1,0,0,0,1,0,1,1
217,2,1,0,1,1,0,1,0,1,0,0,0,0,1
798,2,1,0,2,1,0,1,0,0,1,0,0,0,2
1086,2,1,0,1,0,0,1,0,1,1,0,0,1,1
886,2,2,2,2,0,0,1,0,0,2,0,0,0,2
341,2,0,0,0,0,0,0,0,0,0,0,0,0,0
724,2,0,0,1,0,0,0,0,0,0,0,0,0,0
1766,2,2,2,2,1,1,1,1,0,2,1,2,1,2
297,2,0,2,1,0,0,0,1,0,0,0,0,0,1
1743,2,1,0,1,1,0,1,0,0,0,1,0,1,1
1026,2,2,2,1,0,0,1,0,0,1,1,1,1,1
1286,2,2,1,2,2,0,1,2,0,2,2,2,1,2
1768,1,1,0,2,0,0,0,0,0,1,1,0,2,2
1501,2,2,2,2,1,1,1,1,1,1,1,1,1,2
459,2,2,0,2,1,0,2,0,2,2,1,0,1,2
1885,2,0,0,1,0,0,1,0,0,1,2,2,2,2
822,2,2,0,1,2,0,1,0,1,1,1,0,1,1
270,2,0,1,0,0,0,0,0,0,0,0,0,0,0
1005,2,0,1,2,0,0,0,0,2,1,0,1,0,2
202,2,1,1,1,2,1,2,0,1,1,1,0,1,2
162,2,0,0,0,0,0,0,0,0,0,0,0,0,2
1596,2,0,0,1,0,0,0,0,0,0,0,0,1,1
734,2,1,1,2,0,0,0,0,0,1,1,0,1,2
405,2,0,1,2,0,0,0,0,0,0,0,0,0,2
707,2,0,0,1,0,0,0,0,0,0,0,0,0,1
1516,2,2,2,2,2,0,0,0,0,1,0,2,0,2
1139,2,0,0,0,0,0,0,0,0,0,0,0,0,0
569,2,0,0,1,1,0,0,0,0,1,0,0,0,2
1428,2,0,0,0,0,0,0,0,0,0,0,0,0,0
1031,2,1,1,1,1,0,1,0,1,0,1,0,1,2
1035,2,1,1,2,1,0,2,0,0,2,0,0,0,2
1426,2,2,1,2,1,1,2,1,1,0,1,0,1,2
1602,2,0,0,1,0,0,0,0,0,0,0,0,0,1
1114,2,2,1,1,1,0,1,0,0,0,1,1,1,1
206,2,0,1,0,0,0,0,0,0,0,0,0,0,0
35,2,1,1,1,1,1,1,1,1,1,1,1,1,2
782,2,0,2,2,1,0,0,0,0,0,0,0,0,2
512,2,1,0,2,1,1,1,0,1,0,1,0,1,2
1466,1,0,2,2,1,0,1,0,0,0,1,1,0,2
1494,2,2,1,2,1,1,1,0,1,2,1,0,1,2
1859,2,0,0,2,0,0,1,0,0,0,2,0,2,1
1405,2,0,0,0,0,0,0,0,0,0,0,0,0,0
92,1,0,1,1,0,0,0,0,0,0,1,0,1,1
1377,2,1,2,1,1,1,1,1,1,1,1,2,1,1
905,2,2,2,2,1,0,1,1,0,2,1,2,2,2
568,2,1,1,2,0,0,1,0,0,0,0,0,0,2
1384,2,1,0,2,0,0,1,0,0,1,1,1,1,1
783,1,1,1,2,2,1,1,1,1,1,1,1,0,2
242,2,0,0,1,0,0,0,0,0,0,0,0,0,1
14,1,0,0,0,0,0,0,0,0,0,0,0,0,1
319,1,0,0,0,0,0,0,0,0,0,0,0,0,0
604,2,1,1,2,0,0,1,0,0,2,1,1,2,2
391,2,0,0,1,0,0,0,0,0,0,0,0,0,2
1308,2,0,0,1,0,0,0,0,0,0,0,0,0,1
167,2,0,0,2,1,1,0,0,0,1,0,0,1,2
847,2,0,2,1,0,0,0,0,0,2,0,2,0,0
21,2,1,0,1,0,0,0,0,0,0,1,0,1,1
650,2,1,0,1,1,0,1,0,1,0,1,0,0,1
1525,1,1,1,2,0,0,1,0,0,1,1,1,1,2
1164,2,0,1,0,0,0,0,0,0,0,0,0,0,0
1545,2,2,2,2,0,0,0,0,0,1,1,0,1,2
838,2,0,0,2,0,0,2,0,0,2,2,0,2,0
1278,2,1,1,2,1,1,0,1,0,0,1,2,1,1
1607,2,0,0,1,0,0,0,0,0,0,1,0,0,1
566,1,2,0,1,1,0,0,0,0,0,0,0,1,2
1840,2,1,1,2,1,1,1,1,1,1,1,0,1,1
691,2,0,1,0,0,0,0,1,0,0,0,1,0,2
966,2,1,1,2,1,1,1,0,0,1,0,2,1,2
190,2,0,0,1,0,0,0,0,0,0,0,0,0,1
1826,2,2,1,2,1,0,2,0,2,1,1,1,1,1
985,2,1,1,2,1,0,1,0,0,1,2,2,1,2
704,2,0,0,1,0,0,0,0,0,0,0,0,0,1
1515,1,1,2,1,1,1,1,2,0,1,1,2,1,2
1723,2,1,0,1,0,0,0,0,0,0,0,0,0,0
514,2,1,0,2,1,0,1,0,0,1,0,2,0,2
1092,2,1,0,2,1,0,0,0,0,0,0,0,1,2
478,2,0,0,1,0,0,0,0,0,0,0,0,0,2
1601,2,0,0,0,0,0,0,0,0,0,0,0,0,1
863,2,0,0,2,0,0,1,0,1,2,1,0,1,2
753,2,1,2,2,1,0,2,0,0,2,0,0,1,2
253,2,0,0,1,0,0,0,0,0,0,0,0,0,1
22,2,0,0,1,0,0,0,0,0,0,0,0,1,1
1350,2,1,1,2,2,0,1,0,0,1,0,0,1,2
463,1,1,1,1,1,0,1,0,0,1,1,0,1,2
1195,2,1,0,2,0,0,1,0,0,1,1,0,0,2
277,2,0,0,0,0,0,0,0,0,0,0,0,0,1
964,2,1,2,2,1,2,2,2,0,0,1,2,1,2
1226,2,1,0,1,0,0,1,0,0,2,0,2,1,0
389,0,0,0,0,0,0,0,0,0,0,0,0,0,0
812,1,0,0,2,0,0,2,0,1,1,1,0,2,0
1452,2,0,0,1,0,0,0,0,0,0,0,0,0,2
1532,2,2,2,2,1,0,1,0,0,2,1,0,1,2
347,1,1,1,1,1,0,1,0,0,1,1,0,1,2
776,2,0,0,2,0,0,0,0,2,0,2,0,1,2
1345,2,2,1,2,2,2,1,0,1,1,1,1,1,2
1703,2,0,0,0,0,0,0,0,0,0,0,0,0,0
131,2,0,0,0,0,0,0,0,0,0,0,0,0,0
1705,2,2,1,2,1,1,1,0,0,2,1,1,2,2
879,2,1,0,2,0,0,2,0,1,2,0,0,0,1
1133,2,0,2,1,2,0,1,2,0,0,1,2,1,2
1411,1,0,0,0,0,0,0,0,0,0,0,0,0,0
88,2,0,0,1,0,0,0,0,0,0,0,0,0,0
1498,2,2,0,0,2,0,2,0,0,2,2,0,1,0
334,2,0,0,2,1,0,1,0,0,2,0,0,0,2
1249,2,0,0,0,0,0,0,0,0,0,0,0,0,0
470,2,1,0,1,1,0,1,0,0,1,1,0,1,2
122,1,0,0,0,0,0,0,0,0,0,0,0,0,1
1655,2,0,0,0,0,0,0,0,0,0,0,0,0,0
1054,2,2,2,2,2,0,2,2,0,2,1,2,1,2
1742,2,0,2,2,0,0,1,0,1,0,2,0,1,2
1105,2,0,0,2,1,0,2,0,0,0,1,0,0,2
1140,2,1,1,2,1,0,2,1,1,1,1,1,1,2
1305,2,1,0,2,0,0,2,0,0,1,2,0,1,2
868,2,2,2,2,2,0,1,0,1,2,1,2,1,2
1474,2,0,1,1,0,0,0,0,0,0,0,0,1,1
1136,2,2,2,1,1,0,0,0,0,1,0,2,0,2
